{
  "testCase": {
    "name": "NRX NewOrder Creation",
    "curator": "ef4726",

    "configuration": {
      "screenshots": "on",
      "host": "mcfl1g05.medco.com",
      "port": "23"
    },


    "testSteps": [{
      "wait": {
        "row": 23,
        "column": 18,
        "value": "logon",
        "timeInMillis": 5
      }
    }, {
      "input": {
        "row": 23,
        "column": 18,
        "value": "b"
      }
    }, {
      "input": {
        "keyname": "ENTER"
      }
    }, {
      "wait": {
        "row": 5,
        "column": 29,
        "value": "Entry Validation",
        "timeInMillis": 5
      }

    }, {
      "input": {
        "label": "Userid",
        "value": "ef5191",
        "position": "after"
      }
    },
      {
        "input": {
          "keyname": "ENTER"
        }
      }, {
        "wait": {
          "timeInMillis": 5
        }
      }
    ]
  }
}